<?xml version="1.0"?>
<config>
    <tabs>
        <ideal translate="label">
            <label>Ideal</label>
            <sort_order>300</sort_order>
        </ideal>
    </tabs>
    
    <sections>
         <cronjobs translate="label">
            <label>Scheduled Jobs</label>
            <tab>ideal</tab>
            <sort_order>100</sort_order>
            <show_in_default>1</show_in_default>
            <show_in_website>0</show_in_website>
            <show_in_store>0</show_in_store>
            <groups>
                <sitemap translate="label">
                    <label>Site Map Generate Cron</label>
                    <frontend_type>text</frontend_type>
                    <sort_order>1</sort_order>
                    <show_in_default>1</show_in_default>
		            <show_in_website>0</show_in_website>
		            <show_in_store>0</show_in_store>
                    <fields>
                    	<enabled translate="label">
                            <label>Enable Site Map Generate Cron</label>
                            <frontend_type>select</frontend_type>
                            <source_model>adminhtml/system_config_source_yesno</source_model>
                            <sort_order>1</sort_order>
                            <show_in_default>1</show_in_default>
                            <show_in_website>0</show_in_website>
                            <show_in_store>0</show_in_store>
                        </enabled>
                        <cron_expr translate="label">
                            <label>Cron Expression</label>
                            <frontend_type>text</frontend_type>
                            <sort_order>2</sort_order>
                            <show_in_default>1</show_in_default>
				            <show_in_website>0</show_in_website>
				            <show_in_store>0</show_in_store>
                        </cron_expr>
                    </fields>
                </sitemap>
                
                <logcleanup>
                	<label>Log Clean Up Cron</label>
                    <frontend_type>text</frontend_type>
                    <sort_order>2</sort_order>
                    <show_in_default>1</show_in_default>
                    <show_in_website>1</show_in_website>
                    <show_in_store>1</show_in_store>
                	<fields>
                		<enabled translate="label">
                            <label>Enable Log Clean Up Cron</label>
                            <frontend_type>select</frontend_type>
                            <source_model>adminhtml/system_config_source_yesno</source_model>
                            <sort_order>1</sort_order>
                            <show_in_default>1</show_in_default>
                            <show_in_website>0</show_in_website>
                            <show_in_store>0</show_in_store>
                        </enabled>
                        <cron_expr translate="label">
                            <label>Cron Expression</label>
                            <frontend_type>text</frontend_type>
                            <sort_order>2</sort_order>
                            <show_in_default>1</show_in_default>
                            <show_in_website>0</show_in_website>
                            <show_in_store>0</show_in_store>
                        </cron_expr>
					</fields>		                     
                </logcleanup>
                
                <applycatalogrules>
                	<label>Apply Catalog Rules Cron</label>
                    <frontend_type>text</frontend_type>
                    <sort_order>3</sort_order>
                    <show_in_default>1</show_in_default>
                    <show_in_website>0</show_in_website>
                    <show_in_store>0</show_in_store>
                	<fields>
                		<enabled translate="label">
                            <label>Enable Apply Catalog Rules Cron</label>
                            <frontend_type>select</frontend_type>
                            <source_model>adminhtml/system_config_source_yesno</source_model>
                            <sort_order>1</sort_order>
                            <show_in_default>1</show_in_default>
                            <show_in_website>0</show_in_website>
                            <show_in_store>0</show_in_store>
                        </enabled>
                        <cron_expr translate="label">
                            <label>Cron Expression</label>
                            <frontend_type>text</frontend_type>
                            <sort_order>2</sort_order>
                            <show_in_default>1</show_in_default>
                            <show_in_website>0</show_in_website>
                            <show_in_store>0</show_in_store>
                        </cron_expr>
					</fields>		                     
                </applycatalogrules>
                
                <reindex>
                	<label>Re-Index Cron</label>
                    <frontend_type>text</frontend_type>
                    <sort_order>4</sort_order>
                    <show_in_default>1</show_in_default>
                    <show_in_website>0</show_in_website>
                    <show_in_store>0</show_in_store>
                	<fields>
                		<enabled translate="label">
                            <label>Enable ReIndex Cron</label>
                            <frontend_type>select</frontend_type>
                            <source_model>adminhtml/system_config_source_yesno</source_model>
                            <sort_order>1</sort_order>
                            <show_in_default>1</show_in_default>
                            <show_in_website>0</show_in_website>
                            <show_in_store>0</show_in_store>
                        </enabled>
                        <cron_expr translate="label">
                            <label>Cron Expression</label>
                            <frontend_type>text</frontend_type>
                            <sort_order>2</sort_order>
                            <show_in_default>1</show_in_default>
                            <show_in_website>0</show_in_website>
                            <show_in_store>0</show_in_store>
                        </cron_expr>
					</fields>		                     
                </reindex>
                
            </groups>
        </cronjobs>
    </sections>
</config>